[
	{
		"id_kamar":"1",
		"tahun":"2011",
		"jumlah":"300"
	},
	{
		"id_kamar":"2",
		"tahun":"2012",
		"jumlah":"530"
	},
	{
		"id_kamar":"3",
		"tahun":"2013",
		"jumlah":"832"
	},
	{
		"id_kamar":"4",
		"tahun":"2014",
		"jumlah":"1067"
	},
	{
		"id_kamar":"5",
		"tahun":"2015",
		"jumlah":"1203"
	},
	{
		"id_kamar":"6",
		"tahun":"2016",
		"jumlah":"1523"
	},
	{
		"id_kamar":"7",
		"tahun":"2017",
		"jumlah":"2036"
	},
	{
		"id_kamar":"8",
		"tahun":"2018",
		"jumlah":"1944"
	}
]