[
	{
		"id_penginapan":"1",
		"tahun":"2011",
		"jumlah":"3"
	},
	{
		"id_penginapan":"2",
		"tahun":"2012",
		"jumlah":"5"
	},
	{
		"id_penginapan":"3",
		"tahun":"2013",
		"jumlah":"10"
	},
	{
		"id_penginapan":"4",
		"tahun":"2014",
		"jumlah":"10"
	},
	{
		"id_penginapan":"5",
		"tahun":"2015",
		"jumlah":"11"
	},
	{
		"id_penginapan":"6",
		"tahun":"2016",
		"jumlah":"12"
	},
	{
		"id_penginapan":"7",
		"tahun":"2017",
		"jumlah":"15"
	},
	{
		"id_penginapan":"8",
		"tahun":"2018",
		"jumlah":"20"
	}
]