[
	{
		"Tahun":"2011",
		"Domestik":"10298",
		"Mancanegara":"17316"
	},
	{
		"Tahun":"2012",
		"Domestik":"9805",
		"Mancanegara":"10672"
	},
	{
		"Tahun":"2013",
		"Domestik":"11443",
		"Mancanegara":"14542"
	},
	{
		"Tahun":"2014",
		"Domestik":"13033",
		"Mancanegara":"15878"
	},
	{
		"Tahun":"2015",
		"Domestik":"14682",
		"Mancanegara":"16792"
	},
	{
		"Tahun":"2016",
		"Domestik":"13235",
		"Mancanegara":"14256"
	},
	{
		"Tahun":"2017",
		"Domestik":"14326",
		"Mancanegara":"15213"
	},
	{
		"Tahun":"2018",
		"Domestik":"13875",
		"Mancanegara":"14356"
	}
]